{"cameraMode":{"drawMode":0,"name":"Shaded","section":"Shading Mode"},"sceneLighting":true,"audioPlay":false,"sceneViewState":{"m_AlwaysRefresh":false,"showFog":true,"showSkybox":false,"showFlares":true,"showImageEffects":true,"showParticleSystems":true,"showVisualEffectGraphs":true,"m_FxEnabled":true},"in2DMode":false,"pivot":{"x":23.534500122070314,"y":1.2680000066757203,"z":14.128500938415528},"rotation":{"x":0.05164247006177902,"y":0.9280769228935242,"z":-0.3411029279232025,"w":0.14058712124824525},"size":0.9245931506156921,"orthographic":false}