{"cameraMode":{"drawMode":0,"name":"Shaded","section":"Shading Mode"},"sceneLighting":true,"audioPlay":false,"sceneViewState":{"m_AlwaysRefresh":false,"showFog":true,"showSkybox":false,"showFlares":true,"showImageEffects":true,"showParticleSystems":true,"showVisualEffectGraphs":true,"m_FxEnabled":true},"in2DMode":false,"pivot":{"x":27.050092697143556,"y":2.2362723350524904,"z":16.681644439697267},"rotation":{"x":0.05164247006177902,"y":0.9280769228935242,"z":-0.3411029279232025,"w":0.14058712124824525},"size":4.339086532592773,"orthographic":false}