{"cameraMode":{"drawMode":0,"name":"Shaded","section":"Shading Mode"},"sceneLighting":false,"audioPlay":false,"sceneViewState":{"m_AlwaysRefresh":false,"showFog":true,"showSkybox":false,"showFlares":true,"showImageEffects":true,"showParticleSystems":true,"showVisualEffectGraphs":true,"m_FxEnabled":true},"in2DMode":false,"pivot":{"x":23.360000610351564,"y":2.1416008472442629,"z":16.10999870300293},"rotation":{"x":-0.27573052048683169,"y":0.004330834373831749,"z":-0.001934118801727891,"w":-0.9614419937133789},"size":3.777834415435791,"orthographic":false}